{"e_losses": [-40.53113484556081, -46.12343826360703, -56.05259896001815, -64.18682091571094, -63.81811954044106, -56.18156876265407, -47.357373475778104, -37.433423746669284, -31.80115889012814, -32.93311735571622, -39.308045603108404, -38.71251764109135, -39.950908795785914, -42.469333105027665, -55.11387153327465, -53.51125440974235, -50.48734070854188, -53.528600888264165, -54.2933609692216, -39.62835109784603, -38.4390413790226, -48.0054706993818, -59.29338827433587, -60.70078355453013, -60.98577006151677, -65.01000673561097, -56.84778111069204, -41.03889022042156, -51.19975510114432, -54.593480161571506, -52.96050423891546, -44.889756467247, -49.83629131990671, -55.09393801541328, -53.55636391050816, -53.265804529166225, -51.24665711638928, -51.09589190617797, -37.968730675804615, -51.195725360322015, -52.649782333743566, -54.05509726442099, -54.26484299637078, -55.389959798252605, -41.31423028311728, -43.870131542646874, -49.88563233723641, -52.11981432548763, -55.88603081448079], "r_losses": [6.384892118486646e-07, 1.6644993357174423e-06, 4.951049249821545e-07, 2.6600027421315137e-06, 1.641063376106e-06, 9.439556952695673e-07, 2.0455962861259083e-06, 1.0835651265245665e-06, 3.117495631545101e-06, 1.3708814329746195e-06, 4.07326226001144e-07, 5.923264098947319e-07, 1.0786675289874025e-06, 7.721587638120091e-07, 2.156289073141955e-06, 5.259716212264911e-07, 6.444627331184194e-07, 6.620854728451615e-07, 8.307826116732275e-07, 4.7326623981879384e-07, 4.799555318461734e-06, 6.410738129513182e-07, 1.2476121023856424e-06, 7.877543308801245e-07, 2.0279729109478007e-06, 6.654102806648754e-07, 1.2051938405888167e-06, 7.475267664941527e-07, 1.1091306103774046e-06, 5.729896631300107e-07, 2.3813775958096868e-06, 6.281889062769191e-07, 4.494591683644069e-06, 8.085830786340081e-07, 1.3481884390151945e-06, 2.081329520397064e-06, 7.221181227254307e-07, 9.155780176956012e-07, 8.835263302032741e-07, 5.452983787040308e-07, 1.2746361395364543e-06, 5.860762620461577e-07, 2.163503933033671e-06, 1.6838330652150458e-06, 1.3071977987180625e-06, 2.301433209576573e-06, 2.6482441906364422e-06, 2.10955424397432e-06, 8.605892518425776e-07], "rewards": [0, 0, 0, 0, 0, 0, 0, 0, 0, 0, 0, 0, 0, 0, 0, 0, 0, 0, 0, 0, 0, 0, 0, 0, 0, 0, 0, 0, 0, 0, 0, 0, 0, 0, 0, 0, 0, 0, 0, 0, 0, 0, 0, 0, 0, 0, 0, 0, 0], "steps": [20, 20, 20, 20, 20, 20, 20, 20, 20, 20, 20, 20, 20, 20, 20, 20, 20, 20, 20, 20, 20, 20, 20, 20, 20, 20, 20, 20, 20, 20, 20, 20, 20, 20, 20, 20, 20, 20, 20, 20, 20, 20, 20, 20, 20, 20, 20, 20, 20], "times": [48.77387833595276, 48.83125376701355, 48.9710111618042, 48.98943376541138, 49.423564434051514, 48.696744441986084, 48.85258150100708, 48.70748281478882, 48.906147956848145, 49.4763023853302, 49.19534158706665, 49.25117301940918, 48.95237374305725, 48.89903473854065, 49.66445302963257, 49.46157670021057, 48.66087770462036, 49.25270223617554, 49.58965253829956, 49.10824728012085, 49.02456068992615, 49.00728440284729, 49.42006015777588, 49.44047236442566, 49.32288861274719, 49.58936405181885, 49.207887172698975, 48.95114254951477, 49.02218532562256, 49.64898610115051, 49.118343114852905, 48.96485447883606, 49.38561797142029, 49.18694067001343, 49.406230449676514, 49.047866106033325, 49.3870747089386, 48.992886543273926, 48.885138511657715, 49.64307999610901, 49.801907539367676, 49.28326916694641, 49.09057426452637, 48.00318217277527, 48.83003616333008, 49.02522826194763, 49.2174232006073, 49.37219953536987, 46.44583535194397], "reward_stats": [{"max": "0.06", "min": "-0.04", "mean": "0.00", "std": "0.01"}, {"max": "0.01", "min": "-0.11", "mean": "-0.03", "std": "0.01"}, {"max": "0.01", "min": "-0.04", "mean": "-0.01", "std": "0.00"}, {"max": "0.15", "min": "-0.00", "mean": "0.03", "std": "0.01"}, {"max": "0.06", "min": "-0.01", "mean": "0.01", "std": "0.01"}, {"max": "0.04", "min": "-0.01", "mean": "0.00", "std": "0.00"}, {"max": "0.05", "min": "-0.01", "mean": "0.01", "std": "0.01"}, {"max": "0.02", "min": "-0.05", "mean": "-0.01", "std": "0.01"}, {"max": "0.02", "min": "-0.06", "mean": "-0.01", "std": "0.01"}, {"max": "0.05", "min": "-0.03", "mean": "0.01", "std": "0.01"}, {"max": "0.04", "min": "-0.02", "mean": "0.01", "std": "0.01"}, {"max": "0.06", "min": "-0.00", "mean": "0.02", "std": "0.01"}, {"max": "0.08", "min": "-0.04", "mean": "0.01", "std": "0.01"}, {"max": "0.02", "min": "-0.07", "mean": "-0.00", "std": "0.01"}, {"max": "0.21", "min": "0.00", "mean": "0.05", "std": "0.02"}, {"max": "0.01", "min": "-0.03", "mean": "-0.01", "std": "0.00"}, {"max": "0.01", "min": "-0.03", "mean": "-0.00", "std": "0.00"}, {"max": "0.04", "min": "-0.01", "mean": "0.01", "std": "0.00"}, {"max": "0.00", "min": "-0.06", "mean": "-0.01", "std": "0.01"}, {"max": "0.01", "min": "-0.04", "mean": "-0.00", "std": "0.00"}, {"max": "0.01", "min": "-0.08", "mean": "-0.01", "std": "0.01"}, {"max": "0.00", "min": "-0.05", "mean": "-0.01", "std": "0.01"}, {"max": "-0.01", "min": "-0.08", "mean": "-0.03", "std": "0.01"}, {"max": "0.03", "min": "-0.01", "mean": "-0.00", "std": "0.00"}, {"max": "0.08", "min": "0.01", "mean": "0.05", "std": "0.01"}, {"max": "0.00", "min": "-0.05", "mean": "-0.01", "std": "0.00"}, {"max": "0.02", "min": "-0.04", "mean": "-0.01", "std": "0.00"}, {"max": "0.01", "min": "-0.05", "mean": "-0.00", "std": "0.01"}, {"max": "0.02", "min": "-0.03", "mean": "0.00", "std": "0.00"}, {"max": "0.03", "min": "-0.02", "mean": "0.01", "std": "0.00"}, {"max": "0.05", "min": "-0.01", "mean": "0.02", "std": "0.01"}, {"max": "0.03", "min": "-0.03", "mean": "0.00", "std": "0.00"}, {"max": "0.12", "min": "-0.02", "mean": "0.03", "std": "0.02"}, {"max": "0.01", "min": "-0.03", "mean": "-0.00", "std": "0.00"}, {"max": "0.01", "min": "-0.02", "mean": "0.00", "std": "0.00"}, {"max": "0.05", "min": "-0.01", "mean": "0.01", "std": "0.01"}, {"max": "0.02", "min": "-0.04", "mean": "-0.01", "std": "0.01"}, {"max": "0.02", "min": "-0.03", "mean": "-0.00", "std": "0.00"}, {"max": "0.03", "min": "-0.02", "mean": "0.00", "std": "0.00"}, {"max": "0.04", "min": "-0.01", "mean": "0.01", "std": "0.00"}, {"max": "0.03", "min": "-0.01", "mean": "0.01", "std": "0.00"}, {"max": "0.02", "min": "-0.02", "mean": "-0.00", "std": "0.00"}, {"max": "0.05", "min": "-0.02", "mean": "0.00", "std": "0.00"}, {"max": "0.01", "min": "-0.04", "mean": "-0.00", "std": "0.01"}, {"max": "0.04", "min": "-0.01", "mean": "0.01", "std": "0.01"}, {"max": "0.06", "min": "-0.02", "mean": "0.01", "std": "0.01"}, {"max": "0.08", "min": "-0.02", "mean": "0.01", "std": "0.01"}, {"max": "0.06", "min": "-0.04", "mean": "0.00", "std": "0.01"}, {"max": "0.03", "min": "-0.03", "mean": "-0.00", "std": "0.00"}], "info_stats": [{"max": "4730.85", "min": "3689.09", "mean": "4209.00", "std": "147.39"}, {"max": "4419.56", "min": "3438.13", "mean": "3975.35", "std": "122.71"}, {"max": "4343.85", "min": "2928.25", "mean": "3621.96", "std": "274.83"}, {"max": "4324.47", "min": "2745.73", "mean": "3293.47", "std": "318.29"}, {"max": "4217.08", "min": "2670.98", "mean": "3265.69", "std": "252.39"}, {"max": "3992.66", "min": "2709.74", "mean": "3255.83", "std": "237.54"}, {"max": "3733.42", "min": "2801.98", "mean": "3291.62", "std": "153.85"}, {"max": "3966.76", "min": "2860.22", "mean": "3383.28", "std": "176.28"}, {"max": "4357.32", "min": "3412.29", "mean": "3806.34", "std": "138.56"}, {"max": "4722.49", "min": "3737.02", "mean": "4148.71", "std": "146.48"}, {"max": "4235.85", "min": "3281.43", "mean": "3782.14", "std": "141.73"}, {"max": "4505.92", "min": "3464.74", "mean": "3992.66", "std": "152.73"}, {"max": "4492.22", "min": "3081.79", "mean": "3916.08", "std": "267.85"}, {"max": "4623.15", "min": "3647.67", "mean": "4084.97", "std": "125.91"}, {"max": "4096.13", "min": "2630.34", "mean": "3294.81", "std": "235.04"}, {"max": "3940.37", "min": "2767.17", "mean": "3222.86", "std": "182.20"}, {"max": "3786.26", "min": "2660.58", "mean": "3155.75", "std": "153.90"}, {"max": "3567.92", "min": "2607.96", "mean": "3110.52",